{
  "mse": 284.1150433609825,
  "psnr": 23.59586131454375,
  "ssim": 0.9676643668232294,
  "quality_assessment": "fair"
}